,processed_text_gpt_lematizado
0,27
1,22
2,63
3,6
4,232
5,67
6,52
7,58
8,56
9,70
10,59
11,51
12,99
13,15
14,32
15,113
16,75
17,27
18,64
19,67
20,36
21,145
22,54
23,81
24,27
25,110
26,60
27,55
28,79
29,503
30,11
31,26
32,54
33,15
34,133
35,66
36,70
37,43
38,31
39,40
40,112
41,90
42,47
43,13
44,174
45,25
46,141
47,31
48,32
49,160
50,285
51,73
52,72
53,46
54,156
55,121
56,102
57,80
58,70
59,58
60,75
61,32
62,87
63,41
64,49
65,142
66,18
67,35
68,43
69,22
70,6
71,22
72,10
73,30
74,40
75,39
76,28
77,71
78,39
79,51
80,1
81,27
82,75
83,76
84,45
85,35
86,30
87,26
88,65
89,38
90,19
91,150
92,19
93,17
94,26
95,245
96,115
97,55
98,12
99,75
100,319
101,243
102,40
103,24
104,40
105,24
106,26
107,40
108,9
109,43
110,132
111,46
112,351
113,57
114,6
115,26
116,162
117,71
118,19
119,23
120,41
121,52
122,28
123,97
124,30
125,15
126,12
127,236
128,41
129,19
130,99
131,19
132,44
133,176
134,13
135,16
136,46
137,20
138,29
139,16
140,58
141,191
142,34
143,136
144,39
145,140
146,132
147,44
148,297
149,118
150,69
151,29
152,32
153,39
154,105
155,37
156,48
157,29
158,12
159,53
160,145
161,8
162,112
163,47
164,11
165,451
166,19
167,82
168,139
169,8
170,28
171,107
172,10
173,10
174,89
175,89
176,18
177,14
178,101
179,30
180,40
181,106
182,21
183,27
184,6
185,11
186,61
187,29
188,39
189,49
190,38
191,42
192,10
193,30
194,101
195,102
196,11
197,36
198,30
199,90
200,28
201,16
202,25
203,157
204,47
205,245
206,365
207,145
208,23
209,177
210,105
211,75
212,75
213,52
214,247
215,38
216,24
217,115
218,37
219,26
220,37
221,110
222,329
223,14
224,171
225,90
226,64
227,36
228,100
229,117
230,43
231,218
232,214
233,25
234,98
235,71
236,17
237,33
238,34
239,37
240,141
241,34
242,18
243,75
244,22
245,120
246,57
247,83
248,67
249,66
250,21
251,69
252,52
253,103
254,40
255,116
256,5
257,109
258,231
259,86
260,55
261,30
262,59
263,40
264,91
265,37
266,93
267,29
268,156
269,6
270,4
271,35
272,83
273,244
274,17
275,36
276,81
277,101
278,85
279,79
280,21
281,72
282,126
283,64
284,91
285,24
286,74
287,24
288,89
289,16
290,39
291,80
292,3
293,53
294,53
295,217
296,144
297,61
298,54
299,133
300,86
301,32
302,24
303,194
304,18
305,20
306,41
307,166
308,94
309,59
310,65
311,35
312,28
313,223
314,37
315,78
316,7
317,77
318,69
319,82
320,166
321,95
322,265
323,19
324,109
325,44
326,98
327,6
328,254
329,75
330,37
331,289
332,50
333,87
334,117
335,218
336,89
337,135
338,61
339,1
340,91
341,5
342,53
343,55
344,5
345,51
346,25
347,48
348,19
349,68
350,25
351,11
352,20
353,39
354,96
355,34
356,204
357,17
358,36
359,281
360,94
361,51
362,18
363,76
364,22
365,126
366,23
367,132
368,4
369,27
370,79
371,313
372,47
373,23
374,98
375,30
376,78
377,21
378,12
379,1
380,30
381,77
382,18
383,35
384,53
385,25
386,11
387,109
388,38
389,162
390,101
391,263
392,37
393,356
394,31
395,25
396,68
397,27
398,24
399,58
400,73
401,44
402,70
403,61
404,57
405,45
406,149
407,16
408,114
409,35
410,68
411,23
412,212
413,40
414,22
415,72
416,13
417,22
418,166
419,340
420,25
421,86
422,27
423,16
424,77
425,17
426,55
427,48
428,39
429,56
430,147
431,261
432,18
433,82
434,30
435,26
436,67
437,73
438,15
439,36
440,63
441,21
442,42
443,40
444,90
445,84
446,70
447,9
448,48
449,44
450,17
451,23
452,66
453,46
454,89
455,51
456,63
457,133
458,186
459,31
460,13
461,173
462,75
463,113
464,148
465,75
466,114
467,17
468,54
469,96
470,202
471,192
472,113
473,58
474,33
475,94
476,625
477,32
478,75
479,189
480,36
481,23
482,34
483,72
484,14
485,133
486,176
487,208
488,79
489,38
490,138
491,42
492,147
493,56
494,35
495,11
496,41
497,92
498,166
499,46
500,134
501,451
502,53
503,46
504,332
505,10
506,26
507,89
508,40
509,123
510,74
511,17
512,64
513,14
514,15
515,50
516,75
517,240
518,8
519,65
520,162
521,42
522,139
523,115
524,46
525,86
526,26
527,268
528,44
529,66
530,110
531,29
532,83
533,31
534,60
535,14
536,47
537,101
538,120
539,55
540,45
541,247
542,9
543,62
544,46
545,174
546,111
547,31
548,79
549,437
550,4
551,283
552,63
553,41
554,10
555,18
556,83
557,40
558,59
559,45
560,84
561,27
562,30
563,74
564,120
565,75
566,31
567,93
568,11
569,56
570,17
571,4
572,81
573,24
574,75
575,50
576,58
577,49
578,32
579,238
580,59
581,30
582,87
583,75
584,41
585,29
586,37
587,83
588,59
589,93
590,85
591,127
592,146
593,43
594,63
595,36
596,49
597,134
598,13
599,6
600,72
601,317
602,84
603,56
604,29
605,41
606,10
607,45
608,26
609,108
610,86
611,47
612,34
613,144
614,2
615,73
616,281
617,61
618,123
619,71
620,34
621,12
622,3
623,29
624,44
625,25
626,111
627,65
628,36
629,36
630,97
631,69
632,20
633,33
634,42
635,10
636,27
637,19
638,43
639,21
640,77
641,268
642,53
643,12
644,116
645,34
646,16
647,61
648,113
649,111
650,75
651,114
652,14
653,105
654,30
655,14
656,26
657,49
658,53
659,30
660,44
661,293
662,75
663,35
664,19
665,63
666,136
667,175
668,89
669,30
670,46
671,41
672,102
673,131
674,67
675,62
676,41
677,8
678,16
679,97
680,26
681,96
682,75
683,20
684,15
685,50
686,210
687,170
688,28
689,126
690,45
691,85
692,29
693,35
694,65
695,394
696,89
697,35
698,21
699,54
700,45
701,32
702,93
703,22
704,15
705,78
706,59
707,45
708,19
709,74
710,20
711,3
712,33
713,250
714,21
715,17
716,249
717,202
718,150
719,107
720,123
721,362
722,76
723,10
724,141
725,73
726,61
727,115
728,37
729,63
730,26
731,29
732,80
733,15
734,10
735,53
736,99
737,63
738,368
739,157
740,160
741,15
742,279
743,40
744,55
745,113
746,45
747,79
748,57
749,60
750,11
751,23
752,52
753,252
754,26
755,34
756,73
757,101
758,46
759,98
760,40
761,14
762,68
763,30
764,79
765,45
766,13
767,40
768,18
769,15
770,76
771,90
772,19
773,67
774,94
775,72
776,34
777,53
778,375
779,35
780,75
781,133
782,18
783,26
784,60
785,66
786,234
787,159
788,245
789,29
790,78
791,16
792,8
793,98
794,23
795,23
796,271
797,55
798,47
799,109
800,148
801,28
802,96
803,92
804,19
805,33
806,99
807,166
808,42
809,7
810,167
811,32
812,27
813,13
814,24
815,9
816,10
817,11
818,38
819,34
820,91
821,26
822,10
823,23
824,23
825,12
826,53
827,64
828,33
829,89
830,123
831,106
832,26
833,32
834,98
835,19
836,60
837,34
838,78
839,42
840,10
841,79
842,205
843,133
844,86
845,16
846,19
847,40
848,223
849,75
850,177
851,13
852,68
853,47
854,127
855,5
856,1
857,55
858,51
859,57
860,69
861,35
862,41
863,272
864,31
865,307
866,25
867,27
868,39
869,18
870,70
871,23
872,73
873,64
874,285
875,88
876,122
877,22
878,56
879,39
880,194
881,189
882,49
883,50
884,56
885,42
886,89
887,60
888,43
889,74
890,445
891,47
892,35
893,9
894,132
895,263
896,9
897,29
898,29
899,51
900,94
901,35
902,28
903,155
904,68
905,9
906,18
907,7
908,90
909,123
910,166
911,11
912,29
913,4
914,7
915,32
916,69
917,1
918,89
919,42
920,5
921,69
922,20
923,93
924,69
925,260
926,70
927,200
928,213
929,30
930,249
931,43
932,29
933,24
934,38
935,62
936,33
937,40
938,6
939,261
940,36
941,50
942,7
943,143
944,30
945,58
946,55
947,59
948,58
949,78
950,71
951,62
952,12
953,83
954,32
955,56
956,60
957,244
958,1
959,35
960,14
961,114
962,13
963,61
964,56
965,23
966,67
967,39
968,325
969,104
970,265
971,56
972,111
973,16
974,54
975,9
976,19
977,36
978,238
979,469
980,193
981,71
982,236
983,272
984,82
985,56
986,239
987,44
988,40
989,30
990,20
991,28
992,21
993,85
994,104
995,89
996,51
997,90
998,37
999,2
1000,201
1001,29
1002,13
1003,195
1004,37
1005,20
1006,20
1007,44
1008,125
1009,44
1010,99
1011,53
1012,52
1013,8
1014,23
1015,37
1016,85
1017,8
1018,19
1019,30
1020,54
1021,30
1022,13
1023,28
1024,36
1025,12
1026,37
1027,22
1028,36
1029,23
1030,93
1031,137
1032,26
1033,85
1034,86
1035,165
1036,5
1037,16
1038,15
1039,34
1040,22
1041,12
1042,51
1043,52
1044,323
1045,14
1046,1
1047,6
1048,44
1049,124
1050,110
1051,107
1052,11
1053,17
1054,19
1055,76
1056,35
1057,261
1058,29
1059,26
1060,84
1061,14
1062,75
1063,1
1064,52
1065,163
1066,22
1067,134
1068,66
1069,103
1070,282
1071,97
1072,30
1073,78
1074,130
1075,45
1076,58
1077,119
1078,8
1079,58
1080,113
1081,85
1082,49
1083,111
1084,4
1085,93
1086,16
1087,61
1088,172
1089,1
1090,85
1091,140
1092,196
1093,67
1094,75
1095,55
1096,83
1097,61
1098,46
1099,63
1100,105
1101,29
1102,86
1103,77
1104,44
1105,85
1106,105
1107,39
1108,33
1109,32
1110,28
1111,128
1112,8
1113,61
1114,144
1115,94
1116,119
1117,187
1118,20
1119,14
1120,25
1121,40
1122,10
1123,89
1124,89
1125,51
1126,32
1127,71
1128,264
1129,119
1130,108
1131,26
1132,27
1133,128
1134,10
1135,32
1136,22
1137,41
1138,45
1139,12
1140,22
1141,82
1142,11
1143,4
1144,89
1145,17
1146,16
1147,22
1148,45
1149,86
1150,2
1151,9
1152,15
1153,133
1154,89
1155,205
1156,32
1157,41
1158,43
1159,28
1160,18
1161,103
1162,10
1163,36
1164,55
1165,24
1166,189
1167,255
1168,37
1169,23
1170,82
1171,179
1172,81
1173,195
1174,10
1175,33
1176,22
1177,2
1178,8
1179,20
1180,9
1181,49
1182,34
1183,104
1184,56
1185,392
1186,106
1187,58
1188,13
1189,65
1190,7
1191,75
1192,8
1193,217
1194,20
1195,68
1196,27
1197,33
1198,36
1199,69
1200,105
1201,85
1202,1
1203,71
1204,14
1205,133
1206,50
1207,38
1208,104
1209,69
1210,59
1211,23
1212,48
1213,39
1214,98
1215,157
1216,81
1217,29
1218,249
1219,43
1220,69
1221,72
1222,69
1223,42
1224,22
1225,34
1226,59
1227,53
1228,201
1229,268
1230,52
1231,118
1232,27
1233,140
1234,19
1235,246
1236,64
1237,191
1238,84
1239,30
1240,34
1241,94
1242,87
1243,34
1244,91
1245,6
1246,72
1247,65
1248,35
1249,70
1250,19
1251,114
1252,10
1253,74
1254,80
1255,108
1256,30
1257,21
1258,24
1259,33
1260,33
1261,69
1262,24
1263,81
1264,18
1265,64
1266,97
1267,200
1268,38
1269,22
1270,54
1271,20
1272,36
1273,53
1274,171
1275,46
1276,170
1277,24
1278,29
1279,177
1280,55
1281,17
1282,87
1283,64
1284,138
1285,27
1286,16
1287,36
1288,58
1289,190
1290,11
1291,35
1292,12
1293,9
1294,10
1295,38
1296,223
1297,16
1298,242
1299,162
1300,57
1301,55
1302,24
1303,34
1304,45
1305,45
1306,70
1307,26
1308,75
1309,59
1310,16
1311,34
1312,73
1313,34
1314,57
1315,104
1316,99
1317,40
1318,9
1319,290
1320,598
1321,197
1322,76
1323,253
1324,18
1325,26
1326,116
1327,48
1328,36
1329,31
1330,26
1331,40
1332,40
1333,133
1334,34
1335,145
1336,25
1337,131
1338,264
1339,10
1340,51
1341,68
1342,36
1343,127
1344,29
1345,50
1346,49
1347,68
1348,363
1349,11
1350,26
1351,44
1352,23
1353,66
1354,15
1355,41
1356,96
1357,41
1358,53
1359,101
1360,44
1361,34
1362,78
1363,47
1364,28
1365,31
1366,17
1367,53
1368,15
1369,289
1370,60
1371,61
1372,173
1373,331
1374,277
1375,57
1376,94
1377,118
1378,26
1379,118
1380,70
1381,40
1382,120
1383,63
1384,27
1385,55
1386,64
1387,93
1388,94
1389,32
1390,133
1391,47
1392,15
1393,119
1394,92
1395,7
1396,47
1397,37
1398,33
1399,104
1400,58
1401,122
1402,118
1403,2
1404,45
1405,37
1406,17
1407,68
1408,4
1409,56
1410,111
1411,278
1412,22
1413,66
1414,40
1415,46
1416,14
1417,133
1418,47
1419,33
1420,22
1421,281
1422,17
1423,99
1424,66
1425,39
1426,48
1427,75
1428,7
1429,218
1430,223
1431,16
1432,53
1433,50
1434,87
1435,106
1436,100
1437,24
1438,89
1439,80
1440,174
1441,13
1442,23
1443,24
1444,54
1445,8
1446,10
1447,33
1448,191
1449,27
1450,104
1451,45
1452,27
1453,3
1454,102
1455,55
1456,54
1457,38
1458,75
1459,24
1460,109
1461,28
1462,75
1463,52
1464,241
1465,85
1466,88
1467,18
1468,15
1469,71
1470,58
1471,162
1472,33
1473,115
1474,24
1475,92
1476,242
1477,243
1478,22
1479,37
1480,2
1481,92
1482,38
1483,31
1484,130
1485,65
1486,33
1487,112
1488,18
1489,28
1490,11
1491,84
1492,103
1493,96
1494,46
1495,109
1496,123
1497,119
1498,333
1499,30
1500,53
1501,20
1502,17
1503,75
1504,95
1505,227
1506,72
1507,27
1508,41
1509,195
1510,68
1511,146
1512,36
1513,67
1514,75
1515,87
1516,57
1517,67
1518,25
1519,80
1520,70
1521,44
1522,74
1523,181
1524,14
1525,36
1526,64
1527,142
1528,297
1529,83
1530,17
1531,30
1532,12
1533,297
1534,19
1535,310
1536,37
1537,34
1538,35
1539,7
1540,12
1541,113
1542,17
1543,142
1544,38
1545,150
1546,73
1547,48
1548,116
1549,247
1550,1
1551,104
1552,20
1553,50
1554,57
1555,11
1556,160
1557,91
1558,46
1559,24
1560,22
1561,46
1562,97
1563,97
1564,56
1565,45
1566,86
1567,90
1568,99
1569,104
1570,19
1571,59
1572,190
1573,8
1574,100
1575,19
1576,24
1577,9
1578,191
1579,63
1580,63
1581,15
1582,105
1583,37
1584,116
1585,89
1586,12
1587,19
1588,101
1589,80
1590,4
1591,89
1592,15
1593,92
1594,24
1595,17
1596,23
1597,54
1598,41
1599,248
1600,85
1601,5
1602,127
1603,25
1604,67
1605,37
1606,53
1607,55
1608,83
1609,16
1610,30
1611,27
1612,114
1613,81
1614,13
1615,31
1616,12
1617,249
1618,17
1619,15
1620,75
1621,40
1622,60
1623,89
1624,108
1625,86
1626,79
1627,43
1628,64
1629,80
1630,90
1631,40
1632,133
1633,66
1634,207
1635,170
1636,20
1637,12
1638,35
1639,12
1640,50
1641,84
1642,81
1643,27
1644,17
1645,11
1646,30
1647,87
1648,364
1649,119
1650,165
1651,20
1652,373
1653,21
1654,123
1655,139
1656,26
1657,30
1658,48
1659,37
1660,53
1661,53
1662,70
1663,319
1664,19
1665,201
1666,263
1667,23
1668,56
1669,150
1670,11
1671,5
1672,32
1673,30
1674,60
1675,35
1676,33
1677,90
1678,16
1679,47
1680,222
1681,22
1682,232
1683,66
1684,190
1685,47
1686,241
1687,59
1688,61
1689,25
1690,40
1691,166
1692,219
1693,226
1694,46
1695,89
1696,27
1697,203
1698,99
1699,13
1700,9
1701,64
1702,60
1703,47
1704,54
1705,30
1706,47
1707,66
1708,68
1709,71
1710,21
1711,36
1712,87
1713,32
1714,51
1715,63
1716,9
1717,41
1718,11
1719,41
1720,118
1721,31
1722,104
1723,64
1724,273
1725,74
1726,86
1727,12
1728,90
1729,88
1730,12
1731,9
1732,75
1733,49
1734,133
1735,73
1736,76
1737,140
1738,365
1739,124
1740,58
1741,24
1742,46
1743,22
1744,61
1745,57
1746,57
1747,4
1748,38
1749,213
1750,50
1751,128
1752,39
1753,52
1754,209
1755,187
1756,42
1757,45
1758,106
1759,122
1760,56
1761,82
1762,40
1763,22
1764,61
1765,177
1766,20
1767,96
1768,148
1769,32
1770,75
1771,26
1772,54
1773,22
1774,44
1775,35
1776,123
1777,70
1778,13
1779,224
1780,4
1781,27
1782,210
1783,39
1784,102
1785,14
1786,21
1787,87
1788,65
1789,26
1790,103
1791,43
1792,168
1793,3
1794,18
1795,105
1796,32
1797,90
1798,88
1799,137
1800,85
1801,16
1802,30
1803,27
1804,99
1805,125
1806,319
1807,8
1808,129
1809,27
1810,32
1811,48
1812,170
1813,76
1814,6
1815,156
1816,43
1817,69
1818,12
1819,220
1820,23
1821,88
1822,28
1823,291
1824,77
1825,19
1826,72
1827,12
1828,41
1829,43
1830,229
1831,118
1832,148
1833,60
1834,29
1835,15
1836,76
1837,70
1838,80
1839,28
1840,104
1841,11
1842,76
1843,30
1844,28
1845,13
1846,87
1847,25
1848,14
1849,12
1850,154
1851,74
1852,23
1853,30
1854,4
1855,86
1856,11
1857,71
1858,13
1859,71
1860,13
1861,158
1862,34
1863,62
1864,19
1865,100
1866,31
1867,227
1868,57
1869,81
1870,101
1871,30
1872,33
1873,20
1874,30
1875,12
1876,30
1877,235
1878,92
1879,65
1880,257
1881,122
1882,3
1883,203
1884,11
1885,66
1886,27
1887,166
1888,24
1889,30
1890,23
1891,49
1892,39
1893,48
1894,74
1895,106
1896,18
1897,187
1898,24
1899,93
1900,536
1901,31
1902,24
1903,23
1904,17
1905,90
1906,23
1907,34
1908,21
1909,254
1910,3
1911,26
1912,93
1913,11
1914,13
1915,55
1916,67
1917,112
1918,16
1919,45
1920,33
1921,24
1922,15
1923,64
1924,34
1925,21
1926,11
1927,16
1928,94
1929,34
1930,15
1931,29
1932,17
1933,66
1934,60
1935,119
1936,77
1937,227
1938,68
1939,150
1940,177
1941,9
1942,28
1943,208
1944,18
1945,34
1946,7
1947,10
1948,18
1949,86
1950,75
1951,78
1952,258
1953,36
1954,64
1955,41
1956,249
1957,79
1958,12
1959,30
1960,23
1961,15
1962,9
1963,12
1964,50
1965,96
1966,257
1967,16
1968,117
1969,10
1970,133
1971,34
1972,239
1973,69
1974,226
1975,42
1976,70
1977,39
1978,29
1979,9
1980,75
1981,42
1982,89
1983,71
1984,15
1985,19
1986,29
1987,362
1988,27
1989,15
1990,111
1991,211
1992,17
1993,3
1994,26
1995,325
1996,33
1997,18
1998,61
1999,29
2000,74
2001,5
2002,162
2003,31
2004,49
2005,81
2006,42
2007,88
2008,28
2009,38
2010,139
2011,44
2012,2
2013,69
2014,106
2015,119
2016,14
2017,195
2018,44
2019,198
2020,10
2021,126
2022,27
2023,74
2024,43
2025,133
2026,12
2027,125
2028,83
2029,49
2030,148
2031,9
2032,60
2033,22
2034,217
2035,32
2036,40
2037,36
2038,42
2039,102
2040,34
2041,25
2042,61
2043,91
2044,7
2045,36
2046,218
2047,2
2048,31
2049,17
2050,182
2051,51
2052,30
2053,31
2054,4
2055,83
2056,106
2057,107
2058,16
2059,209
2060,9
2061,19
2062,217
2063,26
2064,26
2065,57
2066,28
2067,16
2068,38
2069,9
2070,41
2071,61
2072,21
2073,29
2074,51
2075,26
2076,82
2077,35
2078,87
2079,17
2080,46
2081,133
2082,36
2083,222
2084,55
2085,7
2086,67
2087,27
2088,70
2089,10
2090,2
2091,58
2092,9
2093,58
2094,37
2095,36
2096,129
2097,151
2098,37
2099,23
2100,72
2101,29
2102,23
2103,32
2104,40
2105,83
2106,31
2107,1
2108,166
2109,75
2110,26
2111,72
2112,16
2113,36
2114,55
2115,24
2116,37
2117,71
2118,139
2119,54
2120,133
2121,24
2122,17
2123,75
2124,20
2125,79
2126,37
2127,52
2128,27
2129,69
2130,34
2131,32
2132,62
2133,256
2134,22
2135,78
2136,45
2137,115
2138,104
2139,16
2140,91
2141,195
2142,13
2143,75
2144,14
2145,66
2146,51
2147,33
2148,52
2149,131
2150,81
2151,97
2152,251
2153,47
2154,259
2155,23
2156,144
2157,247
2158,21
2159,92
2160,19
2161,26
2162,116
2163,72
2164,37
2165,133
2166,133
2167,10
2168,17
2169,24
2170,282
2171,117
2172,5
2173,12
2174,63
2175,77
2176,102
2177,31
2178,18
2179,88
2180,57
2181,164
2182,85
2183,45
2184,177
2185,172
2186,17
2187,55
2188,45
2189,142
2190,37
2191,25
2192,202
2193,34
2194,83
2195,19
2196,16
2197,38
2198,5
2199,201
2200,12
2201,77
2202,27
2203,9
2204,75
2205,29
2206,117
2207,57
2208,53
2209,72
2210,9
2211,61
2212,88
2213,152
2214,260
2215,48
2216,49
2217,80
2218,29
2219,94
2220,85
2221,184
2222,15
2223,11
2224,45
2225,22
2226,11
2227,50
2228,79
2229,150
2230,102
2231,53
2232,78
2233,34
2234,15
2235,38
2236,112
2237,6
2238,17
2239,80
2240,69
2241,22
2242,66
2243,117
2244,24
2245,56
2246,26
2247,123
2248,33
2249,66
2250,2
2251,85
2252,30
2253,24
2254,22
2255,17
2256,212
2257,15
2258,38
2259,37
2260,13
2261,40
2262,41
2263,64
2264,32
2265,118
2266,65
2267,123
2268,14
2269,17
2270,51
2271,63
2272,21
2273,348
2274,3
2275,44
2276,119
2277,20
2278,76
2279,33
2280,26
2281,108
2282,52
2283,58
2284,45
2285,13
2286,104
2287,26
2288,166
2289,250
2290,300
2291,18
2292,10
2293,114
2294,39
2295,68
2296,32
2297,6
2298,64
2299,251
2300,61
2301,48
2302,10
2303,110
2304,75
2305,98
2306,88
2307,27
2308,13
2309,181
2310,41
2311,37
2312,65
2313,11
2314,65
2315,8
2316,50
2317,100
2318,20
2319,78
2320,90
2321,23
2322,129
2323,37
2324,38
2325,101
2326,102
2327,28
2328,50
2329,22
2330,81
2331,36
2332,276
2333,147
2334,67
2335,51
2336,29
2337,31
2338,47
2339,64
2340,44
2341,99
2342,18
2343,83
2344,202
2345,115
2346,104
2347,79
2348,12
2349,39
2350,17
2351,29
2352,37
2353,20
2354,61
2355,69
2356,22
2357,122
2358,184
2359,82
2360,57
2361,55
2362,40
2363,166
2364,107
2365,24
2366,61
2367,119
2368,11
2369,14
2370,20
2371,89
2372,19
2373,54
2374,45
2375,281
2376,37
2377,321
2378,142
2379,8
2380,4
2381,32
2382,41
2383,59
2384,18
2385,57
2386,17
2387,22
2388,38
2389,6
2390,51
2391,34
2392,239
2393,40
2394,92
2395,65
2396,211
2397,13
2398,31
2399,64
2400,112
2401,289
2402,30
2403,32
2404,16
2405,148
2406,32
2407,15
2408,18
2409,104
2410,21
2411,18
2412,13
2413,78
2414,122
2415,54
2416,51
2417,251
2418,95
2419,36
2420,27
2421,183
2422,18
2423,47
2424,7
2425,34
2426,49
2427,33
2428,87
2429,121
2430,52
2431,46
2432,43
2433,172
2434,216
2435,8
2436,74
2437,92
2438,32
2439,54
2440,41
2441,24
2442,53
2443,144
2444,123
2445,66
2446,85
2447,42
2448,41
2449,70
2450,74
2451,231
2452,26
2453,15
2454,35
2455,66
2456,32
2457,52
2458,60
2459,11
2460,72
2461,60
2462,36
2463,51
2464,115
2465,82
2466,116
2467,33
2468,68
2469,67
2470,133
2471,49
2472,23
2473,27
2474,284
2475,119
2476,120
2477,28
2478,86
2479,133
2480,15
2481,42
2482,112
2483,67
2484,87
2485,131
2486,81
2487,23
2488,45
2489,51
2490,75
2491,60
2492,87
2493,28
2494,72
2495,247
2496,45
2497,11
2498,34
2499,29
2500,32
2501,51
2502,75
2503,210
2504,92
2505,26
2506,97
2507,87
2508,18
2509,288
2510,92
2511,54
2512,40
2513,21
2514,202
2515,4
2516,118
2517,232
2518,120
2519,130
2520,16
2521,66
2522,60
2523,110
2524,53
2525,35
2526,9
2527,11
2528,350
2529,29
2530,43
2531,62
2532,71
2533,138
2534,27
2535,18
2536,11
2537,87
2538,21
2539,17
2540,23
2541,29
2542,116
2543,64
2544,92
2545,86
2546,371
2547,38
2548,77
2549,30
2550,5
2551,230
2552,25
2553,55
2554,63
2555,89
2556,38
2557,35
2558,47
2559,186
2560,36
2561,23
2562,149
2563,63
2564,10
2565,76
2566,16
2567,21
2568,133
2569,118
2570,32
2571,148
2572,7
2573,33
2574,46
2575,59
2576,38
2577,150
2578,21
2579,138
2580,63
2581,69
2582,97
2583,32
2584,154
2585,55
2586,14
2587,80
2588,18
2589,23
2590,27
2591,37
2592,63
2593,12
2594,50
2595,1
2596,78
2597,249
2598,99
2599,166
2600,224
2601,19
2602,7
2603,32
2604,113
2605,111
2606,23
2607,36
2608,135
2609,107
2610,319
2611,110
2612,15
2613,43
2614,7
2615,32
2616,28
2617,42
2618,13
2619,81
2620,190
2621,89
2622,48
2623,42
2624,78
2625,34
2626,11
2627,156
2628,11
2629,38
2630,66
2631,106
2632,34
2633,248
2634,44
2635,39
2636,73
2637,50
2638,22
2639,81
2640,32
2641,292
2642,22
2643,79
2644,103
2645,122
2646,51
2647,34
2648,43
2649,99
2650,105
2651,79
2652,14
2653,42
2654,45
2655,17
2656,31
2657,37
2658,62
2659,25
2660,213
2661,245
2662,241
2663,51
2664,77
2665,106
2666,15
2667,94
2668,28
2669,11
2670,12
2671,113
2672,85
2673,58
2674,59
2675,35
2676,36
2677,26
2678,26
2679,18
2680,40
2681,53
2682,47
2683,9
2684,74
2685,8
2686,6
2687,49
2688,29
2689,32
2690,86
2691,89
2692,43
2693,183
2694,4
2695,72
2696,74
2697,22
2698,311
2699,6
2700,47
2701,148
2702,67
2703,96
2704,80
2705,49
2706,1
2707,123
2708,104
2709,18
2710,1
2711,138
2712,108
2713,85
2714,64
2715,59
2716,36
2717,45
2718,52
2719,57
2720,41
2721,59
2722,16
2723,41
2724,104
2725,4
2726,19
2727,89
2728,65
2729,78
2730,140
2731,32
2732,75
2733,49
2734,18
2735,33
2736,64
2737,222
2738,78
2739,10
2740,48
2741,18
2742,283
2743,22
2744,98
2745,138
2746,99
2747,16
2748,41
2749,61
2750,63
2751,61
2752,21
2753,247
2754,55
2755,61
2756,53
2757,124
2758,3
2759,97
2760,71
2761,39
2762,33
2763,83
2764,17
2765,111
2766,104
2767,21
2768,102
2769,14
2770,34
2771,61
2772,15
2773,92
2774,62
2775,69
2776,80
2777,38
2778,23
2779,61
2780,88
2781,175
2782,14
2783,24
2784,12
2785,18
2786,133
2787,40
2788,37
2789,183
2790,12
2791,52
2792,49
2793,88
2794,42
2795,87
2796,6
2797,13
2798,52
2799,15
2800,15
2801,28
2802,106
2803,30
2804,123
2805,30
2806,79
2807,16
2808,22
2809,40
2810,282
2811,46
2812,70
2813,81
2814,133
2815,258
2816,28
2817,20
2818,176
2819,52
2820,50
2821,101
2822,172
2823,36
2824,219
2825,53
2826,91
2827,162
2828,261
2829,20
2830,31
2831,3
2832,61
2833,113
2834,21
2835,30
2836,42
2837,209
2838,67
2839,108
2840,17
2841,39
2842,81
2843,46
2844,146
2845,37
2846,40
2847,18
2848,82
2849,7
2850,33
2851,102
2852,91
2853,227
2854,47
2855,42
2856,17
2857,82
2858,10
2859,100
2860,28
2861,99
2862,20
2863,47
2864,106
2865,58
2866,17
2867,35
2868,54
2869,35
2870,31
2871,20
2872,223
2873,24
2874,72
2875,31
2876,73
2877,31
2878,212
2879,20
2880,109
2881,82
2882,20
2883,184
2884,81
2885,28
2886,192
2887,56
2888,88
2889,47
2890,79
2891,71
2892,39
2893,40
2894,16
2895,12
2896,125
2897,8
2898,59
2899,38
2900,15
2901,15
2902,54
2903,106
2904,11
2905,91
2906,20
2907,40
2908,56
2909,93
2910,18
2911,163
2912,79
2913,6
2914,93
2915,65
2916,42
2917,249
2918,32
2919,19
2920,29
2921,18
2922,41
2923,91
2924,58
2925,54
2926,81
2927,257
2928,105
2929,68
2930,71
2931,123
2932,18
2933,8
2934,62
2935,29
2936,47
2937,16
2938,62
2939,67
2940,33
2941,88
2942,75
2943,71
2944,93
2945,38
2946,8
2947,74
2948,48
2949,25
2950,24
2951,87
2952,21
2953,38
2954,4
2955,45
2956,17
2957,112
2958,32
2959,13
2960,135
2961,41
2962,33
2963,48
2964,39
2965,32
2966,24
2967,67
2968,59
2969,85
2970,88
2971,6
2972,24
2973,19
2974,32
2975,97
2976,24
2977,192
2978,61
2979,215
2980,125
2981,80
2982,98
2983,88
2984,132
2985,287
2986,9
2987,47
2988,80
2989,87
2990,49
2991,18
2992,330
2993,21
2994,49
2995,47
2996,73
2997,76
2998,46
2999,782
3000,91
3001,56
3002,47
3003,57
3004,46
3005,74
3006,35
3007,61
3008,13
3009,52
3010,57
3011,206
3012,29
3013,76
3014,27
3015,63
3016,65
3017,8
3018,86
3019,85
3020,202
3021,73
3022,66
3023,95
3024,86
3025,12
3026,10
3027,36
3028,29
3029,29
3030,70
3031,74
3032,45
3033,15
3034,65
3035,90
3036,58
3037,19
3038,62
3039,94
3040,55
3041,42
3042,123
3043,26
3044,36
3045,34
3046,66
3047,160
3048,18
3049,43
3050,228
3051,1
3052,105
3053,24
3054,34
3055,78
3056,186
3057,15
3058,16
3059,17
3060,3
3061,81
3062,92
3063,89
3064,53
3065,79
3066,14
3067,63
3068,6
3069,87
3070,20
3071,11
3072,85
3073,28
3074,41
3075,120
3076,8
3077,20
3078,16
3079,246
3080,96
3081,87
3082,36
3083,59
3084,29
3085,12
3086,30
3087,135
3088,19
3089,28
3090,35
3091,281
3092,234
3093,8
3094,75
3095,68
3096,140
3097,19
3098,1
3099,59
3100,101
3101,229
3102,15
3103,28
3104,96
3105,91
3106,23
3107,67
3108,89
3109,98
3110,18
3111,39
3112,1
3113,10
3114,26
3115,83
3116,29
3117,69
3118,166
3119,46
3120,112
3121,104
3122,7
3123,40
3124,212
3125,265
3126,367
3127,25
3128,86
3129,72
3130,4
3131,50
3132,8
3133,39
3134,33
3135,28
3136,89
3137,75
3138,30
3139,12
3140,63
3141,21
3142,110
3143,96
3144,47
3145,249
3146,86
3147,58
3148,215
3149,80
3150,37
3151,4
3152,86
3153,28
3154,33
3155,15
3156,92
3157,37
3158,74
3159,86
3160,21
3161,153
3162,50
3163,45
3164,88
3165,69
3166,86
3167,63
3168,122
3169,92
3170,87
3171,259
3172,97
3173,84
3174,67
3175,35
3176,392
3177,22
3178,15
3179,35
3180,46
3181,120
3182,241
3183,77
3184,8
3185,69
3186,21
3187,28
3188,54
3189,87
3190,1
3191,55
3192,436
3193,18
3194,202
3195,205
3196,49
3197,101
3198,134
3199,65
3200,3
3201,53
3202,11
3203,144
3204,32
3205,45
3206,22
3207,73
3208,31
3209,26
3210,62
3211,90
3212,40
3213,33
3214,29
3215,50
3216,34
3217,211
3218,43
3219,26
3220,23
3221,113
3222,25
3223,178
3224,12
3225,64
3226,29
3227,233
3228,77
3229,92
3230,268
3231,46
3232,1
3233,13
3234,66
3235,68
3236,25
3237,45
3238,131
3239,103
3240,10
3241,16
3242,154
3243,165
3244,34
3245,28
3246,85
3247,21
3248,75
3249,47
3250,27
3251,37
3252,21
3253,57
3254,15
3255,73
3256,13
3257,20
3258,98
3259,31
3260,113
3261,293
3262,68
3263,51
3264,58
3265,23
3266,29
3267,18
3268,12
3269,34
3270,32
3271,190
3272,200
3273,97
3274,3
3275,74
3276,94
3277,94
3278,107
3279,57
3280,24
3281,48
3282,42
3283,20
3284,81
3285,133
3286,51
3287,14
3288,38
3289,30
3290,7
3291,63
3292,22
3293,50
3294,78
3295,107
3296,112
3297,49
3298,48
3299,86
3300,22
3301,33
3302,167
3303,52
3304,37
3305,176
3306,82
3307,189
3308,56
3309,12
3310,57
3311,107
3312,32
3313,15
3314,21
3315,14
3316,1
3317,53
3318,30
3319,2
3320,17
3321,29
3322,518
3323,227
3324,66
3325,75
3326,45
3327,17
3328,64
3329,25
3330,26
3331,31
3332,28
3333,10
3334,46
3335,38
3336,44
3337,93
3338,218
3339,57
3340,31
3341,30
3342,11
3343,1
3344,18
3345,136
3346,47
3347,17
3348,85
3349,84
3350,45
3351,34
3352,247
3353,86
3354,36
3355,76
3356,82
3357,112
3358,38
3359,11
3360,86
3361,38
3362,41
3363,52
3364,134
3365,94
3366,92
3367,100
3368,27
3369,22
3370,86
3371,45
3372,12
3373,7
3374,147
3375,47
3376,267
3377,266
3378,44
3379,92
3380,45
3381,89
3382,278
3383,28
3384,13
3385,47
3386,16
3387,58
3388,81
3389,33
3390,26
3391,240
3392,27
3393,12
3394,40
3395,21
3396,27
3397,32
3398,44
3399,82
3400,39
3401,12
3402,78
3403,65
3404,34
3405,41
3406,57
3407,166
3408,46
3409,98
3410,53
3411,24
3412,79
3413,30
3414,100
3415,19
3416,9
3417,11
3418,25
3419,99
3420,17
3421,93
3422,22
3423,68
3424,75
3425,101
3426,12
3427,9
3428,32
3429,9
3430,168
3431,31
3432,55
3433,8
3434,56
3435,84
3436,28
3437,74
3438,37
3439,27
3440,54
3441,76
3442,40
3443,5
3444,242
3445,13
3446,59
3447,91
3448,148
3449,24
3450,76
3451,65
3452,16
3453,43
3454,19
3455,47
3456,54
3457,11
3458,261
3459,83
3460,61
3461,50
3462,65
3463,22
3464,75
3465,20
3466,121
3467,50
3468,45
3469,267
3470,43
3471,56
3472,127
3473,27
3474,9
3475,24
3476,342
3477,22
3478,28
3479,73
3480,18
3481,88
3482,12
3483,53
3484,3
3485,23
3486,67
3487,9
3488,79
3489,38
3490,128
3491,83
3492,84
3493,82
3494,94
3495,27
3496,44
3497,25
3498,21
3499,40
3500,34
3501,38
3502,96
3503,26
3504,40
3505,98
3506,12
3507,1
3508,10
3509,33
3510,43
3511,29
3512,53
3513,54
3514,22
3515,55
3516,31
3517,235
3518,42
3519,63
3520,53
3521,17
3522,160
3523,84
3524,27
3525,170
3526,21
3527,30
3528,69
3529,123
3530,79
3531,26
3532,22
3533,66
3534,68
3535,101
3536,7
3537,378
3538,58
3539,194
3540,222
3541,75
3542,257
3543,58
3544,93
3545,97
3546,71
3547,6
3548,79
3549,21
3550,86
3551,17
3552,33
3553,30
3554,143
3555,182
3556,123
3557,35
3558,22
3559,37
3560,107
3561,169
3562,225
3563,7
3564,15
3565,26
3566,16
3567,131
3568,97
3569,82
3570,80
3571,32
3572,2
3573,69
3574,77
3575,57
3576,36
3577,79
3578,23
3579,68
3580,34
3581,96
3582,72
3583,19
3584,46
3585,174
3586,51
3587,46
3588,7
3589,584
3590,31
3591,89
3592,16
3593,243
3594,30
3595,61
3596,41
3597,91
3598,27
3599,17
3600,50
3601,113
3602,1
3603,28
3604,91
3605,34
3606,10
3607,196
3608,25
3609,47
3610,73
3611,49
3612,85
3613,114
3614,55
3615,41
3616,33
3617,15
3618,88
3619,64
3620,10
3621,93
3622,20
3623,64
3624,2
3625,53
3626,84
3627,35
3628,96
3629,58
3630,28
3631,61
3632,15
3633,95
3634,101
3635,16
3636,48
3637,36
3638,11
3639,206
3640,18
3641,84
3642,59
3643,42
3644,5
3645,13
3646,83
3647,22
3648,68
3649,96
3650,28
3651,70
3652,5
3653,39
3654,92
3655,28
3656,1
3657,169
3658,60
3659,23
3660,20
3661,16
3662,257
3663,156
3664,88
3665,60
3666,58
3667,11
3668,8
3669,36
3670,64
3671,19
3672,116
3673,54
3674,6
3675,74
3676,262
3677,80
3678,45
3679,19
3680,246
3681,38
3682,133
3683,13
3684,32
3685,64
3686,2
3687,40
3688,67
3689,30
3690,145
3691,15
3692,12
3693,53
3694,92
3695,9
3696,61
3697,16
3698,6
3699,49
3700,81
3701,221
3702,36
3703,75
3704,30
3705,78
3706,123
3707,43
3708,12
3709,20
3710,8
3711,242
3712,171
3713,130
3714,64
3715,36
3716,214
3717,14
3718,73
3719,56
3720,32
3721,43
3722,47
3723,11
3724,113
3725,94
3726,66
3727,45
3728,46
3729,79
3730,98
3731,31
3732,14
3733,42
3734,55
3735,8
3736,53
3737,104
3738,20
3739,3
3740,251
3741,15
3742,78
3743,17
3744,13
3745,18
3746,52
3747,133
3748,75
3749,43
3750,82
3751,58
3752,46
3753,231
3754,87
3755,12
3756,79
3757,3
3758,44
3759,144
3760,98
3761,18
3762,31
3763,129
3764,110
3765,25
3766,76
3767,61
3768,26
3769,12
3770,35
3771,22
3772,101
3773,76
3774,63
3775,33
3776,77
3777,14
3778,53
3779,34
3780,130
3781,158
3782,78
3783,46
3784,21
3785,99
3786,16
3787,91
3788,56
3789,40
3790,11
3791,305
3792,39
3793,189
3794,46
3795,105
3796,2
3797,19
3798,56
3799,25
3800,61
3801,93
3802,12
3803,59
3804,44
3805,32
3806,60
3807,15
3808,39
3809,24
3810,52
3811,217
3812,29
3813,168
3814,130
3815,87
3816,62
3817,68
3818,39
3819,80
3820,180
3821,32
3822,33
3823,104
3824,45
3825,41
3826,14
3827,7
3828,105
3829,230
3830,257
3831,55
3832,75
3833,75
3834,60
3835,118
3836,36
3837,46
3838,43
3839,9
3840,13
3841,64
3842,337
3843,92
3844,142
3845,252
3846,73
3847,10
3848,123
3849,33
3850,30
3851,28
3852,33
3853,137
3854,20
3855,82
3856,24
3857,65
3858,5
3859,33
3860,205
3861,38
3862,133
3863,13
3864,110
3865,53
3866,28
3867,392
3868,101
3869,15
3870,94
3871,19
3872,23
3873,52
3874,151
3875,65
3876,31
3877,167
3878,6
3879,90
3880,91
3881,75
3882,73
3883,24
3884,57
3885,44
3886,12
3887,14
3888,33
3889,155
3890,1
3891,19
3892,87
3893,42
3894,34
3895,111
3896,18
3897,30
3898,59
3899,11
3900,95
3901,66
3902,19
3903,81
3904,48
3905,145
3906,72
3907,26
3908,34
3909,17
3910,177
3911,5
3912,27
3913,42
3914,11
3915,59
3916,64
3917,180
3918,80
3919,32
3920,4
3921,126
3922,2
3923,98
3924,27
3925,26
3926,123
3927,28
3928,13
3929,26
3930,305
3931,27
3932,12
3933,35
3934,73
3935,28
3936,40
3937,52
3938,249
3939,17
3940,67
3941,133
3942,139
3943,179
3944,74
3945,11
3946,75
3947,24
3948,115
3949,11
3950,17
3951,15
3952,58
3953,59
3954,18
3955,81
3956,120
3957,53
3958,24
3959,40
3960,163
3961,102
3962,10
3963,290
3964,102
3965,17
3966,16
3967,83
3968,61
3969,106
3970,113
3971,36
3972,235
3973,57
3974,37
3975,36
3976,75
3977,21
3978,48
3979,26
3980,36
3981,59
3982,19
3983,265
3984,4
3985,26
3986,21
3987,14
3988,19
3989,70
3990,47
3991,54
3992,58
3993,16
3994,169
3995,61
3996,25
3997,118
3998,15
3999,56
4000,20
4001,93
4002,175
4003,147
4004,250
4005,21
4006,124
4007,63
4008,157
4009,104
4010,25
4011,127
4012,71
4013,39
4014,27
4015,30
4016,18
4017,20
4018,47
4019,52
4020,10
4021,91
4022,26
4023,16
4024,91
4025,124
4026,51
4027,10
4028,38
4029,120
4030,14
4031,17
4032,24
4033,241
4034,86
4035,23
4036,82
4037,40
4038,192
4039,17
4040,29
4041,60
4042,255
4043,102
4044,89
4045,77
4046,22
4047,53
4048,92
4049,29
4050,39
4051,97
4052,89
4053,64
4054,9
4055,66
4056,31
4057,18
4058,30
4059,130
4060,10
4061,34
4062,20
4063,3
4064,143
4065,37
4066,30
4067,87
4068,156
4069,138
4070,36
4071,17
4072,71
4073,61
4074,144
4075,20
4076,58
4077,39
4078,34
4079,35
4080,108
4081,31
4082,23
4083,33
4084,30
4085,19
4086,65
4087,39
4088,31
4089,127
4090,292
4091,31
4092,58
4093,18
4094,30
4095,108
4096,31
4097,34
4098,41
4099,48
4100,130
4101,62
4102,13
4103,22
4104,24
4105,139
4106,9
4107,35
4108,64
4109,8
4110,233
4111,95
4112,64
4113,119
4114,56
4115,35
4116,88
4117,105
4118,73
4119,168
4120,80
4121,9
4122,4
4123,67
4124,211
4125,44
4126,45
4127,56
4128,45
4129,71
4130,68
4131,8
4132,188
4133,74
4134,7
4135,20
4136,47
4137,136
4138,11
4139,23
4140,17
4141,10
4142,79
4143,86
4144,3
4145,31
4146,42
4147,46
4148,92
4149,7
4150,43
4151,29
4152,39
4153,61
4154,42
4155,16
4156,133
4157,18
4158,59
4159,38
4160,108
4161,69
4162,28
4163,45
4164,107
4165,57
4166,38
4167,29
4168,37
4169,37
4170,96
4171,222
4172,56
4173,16
4174,4
4175,87
4176,80
4177,76
4178,52
4179,66
4180,49
4181,47
4182,22
4183,25
4184,41
4185,89
4186,57
4187,21
4188,84
4189,41
4190,12
4191,32
4192,30
4193,33
4194,56
4195,73
4196,41
4197,444
4198,100
4199,72
4200,2
4201,24
4202,129
4203,99
4204,105
4205,291
4206,70
4207,251
4208,72
4209,69
4210,30
4211,110
4212,283
4213,15
4214,132
4215,51
4216,30
4217,8
4218,77
4219,79
4220,49
4221,349
4222,23
4223,35
4224,91
4225,17
4226,119
4227,37
4228,21
4229,43
4230,31
4231,23
4232,53
4233,115
4234,124
4235,88
4236,40
4237,16
4238,28
4239,28
4240,12
4241,47
4242,24
4243,97
4244,9
4245,25
4246,11
4247,91
4248,64
4249,184
4250,22
4251,39
4252,87
4253,57
4254,131
4255,51
4256,253
4257,24
4258,83
4259,56
4260,51
4261,40
4262,45
4263,81
4264,19
4265,55
4266,54
4267,32
4268,35
4269,62
4270,114
4271,25
4272,288
4273,69
4274,75
4275,14
4276,239
4277,41
4278,46
4279,110
4280,52
4281,40
4282,218
4283,76
4284,44
4285,45
4286,386
4287,185
4288,2
4289,79
4290,46
4291,123
4292,2
4293,39
4294,56
4295,79
4296,69
4297,33
4298,103
4299,5
4300,20
4301,154
4302,25
4303,51
4304,29
4305,42
4306,16
4307,79
4308,61
4309,39
4310,37
4311,15
4312,31
4313,137
4314,67
4315,158
4316,154
4317,20
4318,223
4319,47
4320,23
4321,19
4322,36
4323,32
4324,56
4325,94
4326,41
4327,132
4328,33
4329,74
4330,67
4331,71
4332,47
4333,47
4334,52
4335,61
4336,13
4337,44
4338,54
4339,12
4340,15
4341,23
4342,133
4343,34
4344,378
4345,28
4346,54
4347,88
4348,22
4349,3
4350,111
4351,68
4352,36
4353,22
4354,37
4355,99
4356,2
4357,11
4358,6
4359,133
4360,2
4361,44
4362,7
4363,91
4364,97
4365,248
4366,24
4367,325
4368,23
4369,40
4370,133
4371,104
4372,17
4373,194
4374,41
4375,223
4376,7
4377,159
4378,58
4379,61
4380,25
4381,121
4382,61
4383,10
4384,35
4385,66
4386,46
4387,27
4388,17
4389,38
4390,51
4391,89
4392,40
4393,181
4394,43
4395,106
4396,26
4397,78
4398,103
4399,28
4400,123
4401,47
4402,26
4403,214
4404,44
4405,101
4406,51
4407,76
4408,125
4409,7
4410,99
4411,10
4412,1
4413,48
4414,6
4415,5
4416,25
4417,47
4418,62
4419,51
4420,93
4421,133
4422,17
4423,44
4424,63
4425,17
4426,176
4427,10
4428,44
4429,62
4430,7
4431,17
4432,25
4433,44
4434,63
4435,59
4436,240
4437,29
4438,33
4439,44
4440,62
4441,55
4442,32
4443,34
4444,66
4445,34
4446,18
4447,91
4448,417
4449,6
4450,42
4451,29
4452,86
4453,25
4454,37
4455,13
4456,26
4457,92
4458,28
4459,42
4460,30
4461,72
4462,103
4463,29
4464,52
4465,35
4466,33
4467,19
4468,32
4469,15
4470,1
4471,60
4472,32
4473,32
4474,16
4475,40
4476,20
4477,48
4478,48
4479,21
4480,88
4481,70
4482,82
4483,22
4484,54
4485,59
4486,56
4487,37
4488,46
4489,266
4490,90
4491,109
4492,44
4493,185
4494,95
4495,74
4496,92
4497,74
4498,60
4499,112
4500,28
4501,113
4502,44
4503,100
4504,2
4505,49
4506,44
4507,21
4508,29
4509,216
4510,45
4511,24
4512,68
4513,71
4514,26
4515,59
4516,174
4517,233
4518,37
4519,76
4520,4
4521,28
4522,84
4523,168
4524,312
4525,154
4526,7
4527,57
4528,250
4529,7
4530,23
4531,272
4532,56
4533,27
4534,6
4535,41
4536,12
4537,6
4538,217
4539,149
4540,73
4541,40
4542,74
4543,135
4544,89
4545,146
4546,60
4547,79
4548,128
4549,93
4550,153
4551,34
4552,73
4553,23
4554,62
4555,106
4556,40
4557,79
4558,52
4559,21
4560,30
4561,17
4562,91
4563,123
4564,63
4565,56
4566,17
4567,36
4568,70
4569,98
4570,224
4571,27
4572,514
4573,105
4574,22
4575,49
4576,151
4577,41
4578,38
4579,55
4580,2
4581,81
4582,9
4583,113
4584,46
4585,85
4586,23
4587,231
4588,134
4589,11
4590,359
4591,39
4592,69
4593,46
4594,75
4595,15
4596,173
4597,46
4598,24
4599,39
4600,181
4601,58
4602,2
4603,66
4604,67
4605,56
4606,70
4607,151
4608,50
4609,47
4610,104
4611,19
4612,228
4613,29
4614,38
4615,16
4616,85
4617,22
4618,33
4619,200
4620,144
4621,43
4622,23
4623,31
4624,73
4625,149
4626,86
4627,88
4628,18
4629,24
4630,81
4631,57
4632,22
4633,95
4634,34
4635,207
4636,133
4637,82
4638,16
4639,248
4640,10
4641,81
4642,83
4643,5
4644,362
4645,33
4646,40
4647,23
4648,237
4649,21
4650,33
4651,159
4652,49
4653,223
4654,61
4655,573
4656,215
4657,49
4658,538
4659,291
4660,110
4661,217
4662,98
4663,33
4664,33
4665,98
4666,55
4667,62
4668,67
4669,73
4670,81
4671,45
4672,256
4673,84
4674,35
4675,49
4676,200
4677,10
4678,57
4679,70
4680,14
4681,26
4682,113
4683,10
4684,44
4685,22
4686,11
4687,54
4688,67
4689,41
4690,14
4691,16
4692,85
4693,148
4694,54
4695,26
4696,90
4697,110
4698,49
4699,106
4700,127
4701,16
4702,36
4703,32
4704,24
4705,250
4706,46
4707,22
4708,28
4709,14
4710,2
4711,81
4712,49
4713,74
4714,26
4715,234
4716,56
4717,17
4718,97
4719,166
4720,29
4721,47
4722,88
4723,139
4724,96
4725,32
4726,59
4727,82
4728,70
4729,86
4730,75
4731,31
4732,100
4733,224
4734,50
4735,31
4736,66
4737,22
4738,18
4739,17
4740,38
4741,19
4742,17
4743,121
4744,11
4745,68
4746,97
4747,75
4748,110
4749,49
4750,107
4751,41
4752,50
4753,13
4754,12
4755,9
4756,25
4757,54
4758,141
4759,25
4760,77
4761,93
4762,60
4763,17
4764,26
4765,29
4766,25
4767,12
4768,130
4769,14
4770,38
4771,9
4772,51
4773,23
4774,459
4775,89
4776,239
4777,41
4778,74
4779,29
4780,39
4781,59
4782,4
4783,133
4784,10
4785,72
4786,66
4787,97
4788,99
4789,44
4790,112
4791,132
4792,30
4793,88
4794,31
4795,256
4796,31
4797,126
4798,67
4799,108
4800,127
4801,33
4802,278
4803,57
4804,103
4805,6
4806,48
4807,108
4808,62
4809,158
4810,105
4811,303
4812,17
4813,7
4814,71
4815,17
4816,103
4817,26
4818,38
4819,96
4820,32
4821,60
4822,151
4823,87
4824,36
4825,26
4826,18
4827,44
4828,29
4829,412
4830,113
4831,65
4832,119
4833,80
4834,11
4835,27
4836,62
4837,40
4838,21
4839,42
4840,67
4841,81
4842,66
4843,46
4844,237
4845,90
4846,89
4847,133
4848,23
4849,113
4850,218
4851,69
4852,21
4853,167
4854,173
4855,53
4856,36
4857,85
4858,75
4859,129
4860,45
4861,20
4862,82
4863,54
4864,54
4865,198
4866,69
4867,78
4868,53
4869,33
4870,124
4871,95
4872,92
4873,37
4874,26
4875,25
4876,113
4877,81
4878,3
4879,113
4880,11
4881,60
4882,12
4883,83
4884,57
4885,136
4886,12
4887,93
4888,85
4889,17
4890,22
4891,68
4892,123
4893,38
4894,228
4895,39
4896,10
4897,26
4898,132
4899,12
4900,76
4901,15
4902,86
4903,60
4904,211
4905,170
4906,178
4907,48
4908,61
4909,49
4910,37
4911,61
4912,81
4913,57
4914,64
4915,66
4916,15
4917,38
4918,29
4919,95
4920,100
4921,33
4922,256
4923,45
4924,28
4925,58
4926,100
4927,30
4928,86
4929,9
4930,39
4931,119
4932,80
4933,35
4934,233
4935,79
4936,73
4937,31
4938,2
4939,17
4940,94
4941,30
4942,119
4943,206
4944,56
4945,208
4946,80
4947,70
4948,77
4949,40
4950,5
4951,56
4952,28
4953,17
4954,26
4955,73
4956,55
4957,75
4958,142
4959,33
4960,41
4961,20
4962,132
4963,8
4964,40
4965,117
4966,181
4967,76
4968,21
4969,43
4970,33
4971,32
4972,11
4973,23
4974,29
4975,33
4976,34
4977,77
4978,41
4979,64
4980,33
4981,22
4982,86
4983,59
4984,31
4985,49
4986,47
4987,14
4988,17
4989,361
4990,56
4991,37
4992,29
4993,74
4994,23
4995,25
4996,31
4997,145
4998,48
4999,4
5000,120
5001,47
5002,104
5003,117
5004,49
5005,54
5006,81
5007,25
5008,99
5009,61
5010,195
5011,74
5012,179
5013,86
5014,66
5015,48
5016,18
5017,12
5018,52
5019,86
5020,98
5021,18
5022,26
5023,49
5024,130
5025,22
5026,147
5027,28
5028,55
5029,71
5030,21
5031,9
5032,278
5033,58
5034,98
5035,254
5036,45
5037,87
5038,1
5039,238
5040,146
5041,24
5042,99
5043,122
5044,93
5045,23
5046,106
5047,261
5048,20
5049,83
5050,95
5051,29
5052,94
5053,15
5054,58
5055,55
5056,62
5057,34
5058,21
5059,85
5060,72
5061,56
5062,105
5063,81
5064,40
5065,102
5066,33
5067,19
5068,98
5069,27
5070,70
5071,79
5072,13
5073,34
5074,74
5075,18
5076,57
5077,28
5078,103
5079,49
5080,164
5081,87
5082,94
5083,92
5084,50
5085,79
5086,102
5087,25
5088,99
5089,42
5090,28
5091,49
5092,35
5093,25
5094,84
5095,85
5096,3
5097,221
5098,24
5099,383
5100,1
5101,172
5102,46
5103,39
5104,8
5105,19
5106,378
5107,89
5108,17
5109,38
5110,75
5111,41
5112,8
5113,104
5114,223
5115,50
5116,21
5117,115
5118,12
5119,25
5120,312
5121,88
5122,142
5123,45
5124,217
5125,22
5126,10
5127,26
5128,18
5129,105
5130,67
5131,11
5132,18
5133,91
5134,73
5135,25
5136,200
5137,3
5138,54
5139,122
5140,49
5141,24
5142,92
5143,248
5144,60
5145,8
5146,59
5147,52
5148,9
5149,39
5150,627
5151,265
5152,227
5153,21
5154,59
5155,43
5156,101
5157,33
5158,66
5159,28
5160,56
5161,26
5162,43
5163,35
5164,89
5165,119
5166,4
5167,83
5168,56
5169,24
5170,152
5171,30
5172,34
5173,154
5174,93
5175,13
5176,21
5177,297
5178,30
5179,118
5180,19
5181,24
5182,65
5183,31
5184,130
5185,220
5186,70
5187,75
5188,229
5189,16
5190,123
5191,119
5192,84
5193,73
5194,17
5195,256
5196,17
5197,27
5198,100
5199,126
5200,48
5201,43
5202,133
5203,76
5204,132
5205,245
5206,114
5207,120
5208,104
5209,34
5210,57
5211,75
5212,84
5213,92
5214,65
5215,7
5216,20
5217,46
5218,33
5219,81
5220,60
5221,17
5222,147
5223,35
5224,3
5225,13
5226,17
5227,76
5228,75
5229,83
5230,5
5231,30
5232,97
5233,189
5234,90
5235,36
5236,90
5237,84
5238,6
5239,48
5240,195
5241,17
5242,24
5243,44
5244,96
5245,60
5246,47
5247,85
5248,26
5249,55
5250,75
5251,77
5252,42
5253,76
5254,88
5255,81
5256,99
5257,35
5258,80
5259,43
5260,5
5261,170
5262,31
5263,112
5264,44
5265,14
5266,52
5267,28
5268,27
5269,372
5270,64
5271,1
5272,88
5273,11
5274,92
5275,8
5276,16
5277,40
5278,50
5279,64
5280,71
5281,35
5282,18
5283,80
5284,98
5285,109
5286,37
5287,29
5288,41
5289,28
5290,84
5291,23
5292,58
5293,58
5294,75
5295,97
5296,133
5297,30
5298,24
5299,33
5300,144
5301,46
5302,84
5303,87
5304,44
5305,33
5306,21
5307,21
5308,97
5309,57
5310,36
5311,104
5312,44
5313,96
5314,61
5315,92
5316,17
5317,76
5318,59
5319,264
5320,25
5321,19
5322,32
5323,52
5324,12
5325,229
5326,193
5327,51
5328,248
5329,98
5330,91
5331,18
5332,36
5333,110
5334,135
5335,36
5336,34
5337,14
5338,133
5339,60
5340,121
5341,5
5342,40
5343,59
5344,32
5345,266
5346,25
5347,75
5348,120
5349,38
5350,194
5351,29
5352,52
5353,89
5354,83
5355,70
5356,4
5357,11
5358,94
5359,11
5360,33
5361,214
5362,28
5363,24
5364,108
5365,35
5366,40
5367,70
5368,46
5369,49
5370,114
5371,37
5372,36
5373,87
5374,3
5375,52
5376,38
5377,12
5378,5
5379,12
5380,68
5381,40
5382,7
5383,15
5384,87
5385,133
5386,240
5387,69
5388,33
5389,28
5390,33
5391,47
5392,75
5393,227
5394,25
5395,17
5396,16
5397,107
5398,37
5399,24
5400,3
5401,52
5402,15
5403,64
5404,15
5405,113
5406,45
5407,260
5408,4
5409,27
5410,255
5411,237
5412,21
5413,82
5414,40
5415,44
5416,41
5417,28
5418,76
5419,116
5420,240
5421,41
5422,115
5423,17
5424,37
5425,44
5426,88
5427,29
5428,92
5429,28
5430,47
5431,30
5432,2
5433,62
5434,16
5435,29
5436,29
5437,69
5438,94
5439,50
5440,57
5441,46
5442,11
5443,173
5444,116
5445,16
5446,15
5447,88
5448,15
5449,66
5450,75
5451,166
5452,22
5453,5
5454,162
5455,74
5456,86
5457,67
5458,29
5459,62
5460,82
5461,8
5462,78
5463,235
5464,52
5465,34
5466,23
5467,19
5468,27
5469,98
5470,43
5471,52
5472,21
5473,119
5474,22
5475,279
5476,164
5477,98
5478,194
5479,27
5480,88
5481,20
5482,97
5483,87
5484,56
5485,39
5486,29
5487,247
5488,119
5489,76
5490,56
5491,21
5492,6
5493,19
5494,44
5495,127
5496,17
5497,164
5498,90
5499,57
5500,34
5501,90
5502,86
5503,172
5504,90
5505,34
5506,40
5507,150
5508,40
5509,123
5510,123
5511,39
5512,31
5513,5
5514,77
5515,16
5516,33
5517,15
5518,4
5519,109
5520,104
5521,24
5522,19
5523,280
5524,10
5525,65
5526,13
5527,32
5528,89
5529,240
5530,60
5531,12
5532,15
5533,56
5534,41
5535,23
5536,29
5537,61
5538,59
5539,186
5540,44
5541,190
5542,57
5543,16
5544,95
5545,29
5546,38
5547,63
5548,183
5549,84
5550,4
5551,23
5552,40
5553,88
5554,7
5555,3
5556,57
5557,106
5558,18
5559,59
5560,93
5561,16
5562,80
5563,54
5564,195
5565,110
5566,15
5567,28
5568,11
5569,32
5570,227
5571,137
5572,214
5573,31
5574,25
5575,210
5576,63
5577,34
5578,68
5579,72
5580,9
5581,39
5582,44
5583,21
5584,59
5585,19
5586,66
5587,109
5588,18
5589,63
5590,13
5591,18
5592,22
5593,75
5594,23
5595,87
5596,42
5597,53
5598,143
5599,390
5600,256
5601,84
5602,55
5603,10
5604,35
5605,33
5606,77
5607,328
5608,18
5609,66
5610,490
5611,178
5612,27
5613,45
5614,315
5615,235
5616,71
5617,29
5618,69
5619,22
5620,29
5621,31
5622,98
5623,135
5624,66
5625,22
5626,20
5627,49
5628,22
5629,63
5630,6
5631,34
5632,213
5633,49
5634,231
5635,5
5636,91
5637,133
5638,37
5639,52
5640,1
5641,34
5642,32
5643,173
5644,319
5645,75
5646,88
5647,71
5648,46
5649,5
5650,59
5651,36
5652,68
5653,18
5654,34
5655,8
5656,27
5657,30
5658,83
5659,37
5660,16
5661,22
5662,35
5663,68
5664,100
5665,17
5666,166
5667,9
5668,162
5669,41
5670,71
5671,11
5672,26
5673,12
5674,66
5675,32
5676,42
5677,23
5678,62
5679,31
5680,216
5681,270
5682,184
5683,74
5684,80
5685,18
5686,50
5687,62
5688,38
5689,6
5690,73
5691,176
5692,29
5693,96
5694,22
5695,79
5696,28
5697,16
5698,94
5699,27
5700,30
5701,86
5702,248
5703,26
5704,32
5705,57
5706,175
5707,186
5708,33
5709,9
5710,123
5711,8
5712,7
5713,71
5714,235
5715,28
5716,101
5717,24
5718,58
5719,396
5720,36
5721,3
5722,342
5723,34
5724,41
5725,47
5726,1
5727,109
5728,35
5729,9
5730,73
5731,78
5732,49
5733,16
5734,75
5735,85
5736,61
5737,63
5738,94
5739,23
5740,24
5741,231
5742,9
5743,123
5744,69
5745,53
5746,48
5747,33
5748,57
5749,24
5750,61
5751,76
5752,22
5753,53
5754,97
5755,59
5756,73
5757,13
5758,26
5759,27
5760,34
5761,55
5762,49
5763,97
5764,74
5765,38
5766,210
5767,14
5768,110
5769,2
5770,50
5771,25
5772,28
5773,86
5774,14
5775,52
5776,87
5777,241
5778,8
5779,43
5780,49
5781,201
5782,85
5783,68
5784,100
5785,69
5786,32
5787,23
5788,17
5789,48
5790,7
5791,229
5792,69
5793,20
5794,168
5795,261
5796,233
5797,12
5798,8
5799,108
5800,51
5801,99
5802,22
5803,13
5804,19
5805,27
5806,129
5807,19
5808,48
5809,21
5810,120
5811,67
5812,22
5813,10
5814,103
5815,88
5816,68
5817,101
5818,307
5819,281
5820,61
5821,2
5822,18
5823,61
5824,57
5825,186
5826,14
5827,53
5828,70
5829,40
5830,21
5831,35
5832,58
5833,346
5834,54
5835,25
5836,7
5837,79
5838,20
5839,56
5840,79
5841,75
5842,23
5843,1
5844,49
5845,325
5846,295
5847,17
5848,114
5849,89
5850,93
5851,53
5852,28
5853,30
5854,23
5855,69
5856,41
5857,47
5858,13
5859,25
5860,33
5861,34
5862,35
5863,60
5864,54
5865,92
5866,96
5867,86
5868,86
5869,100
5870,53
5871,96
5872,69
5873,10
5874,248
5875,41
5876,31
5877,72
5878,23
5879,40
5880,52
5881,103
5882,41
5883,58
5884,22
5885,47
5886,3
5887,28
5888,129
5889,39
5890,60
5891,36
5892,145
5893,17
5894,433
5895,6
5896,99
5897,59
5898,13
5899,15
5900,77
5901,245
5902,101
5903,8
5904,21
5905,31
5906,10
5907,248
5908,19
5909,16
5910,236
5911,78
5912,181
5913,75
5914,178
5915,32
5916,53
5917,103
5918,21
5919,11
5920,78
5921,54
5922,79
5923,90
5924,2
5925,378
5926,65
5927,64
5928,101
5929,80
5930,37
5931,7
5932,132
5933,17
5934,124
5935,21
5936,257
5937,56
5938,10
5939,1
5940,57
5941,68
5942,29
5943,11
5944,68
5945,244
5946,8
5947,66
5948,166
5949,80
5950,10
5951,12
5952,35
5953,26
5954,1
5955,20
5956,130
5957,166
5958,261
5959,91
5960,36
5961,2
5962,28
5963,15
5964,28
5965,114
5966,72
5967,84
5968,133
5969,32
5970,29
5971,60
5972,61
5973,56
5974,86
5975,93
5976,93
5977,28
5978,102
5979,38
5980,28
5981,23
5982,11
5983,66
5984,55
5985,125
5986,101
5987,28
5988,16
5989,47
5990,40
5991,61
5992,153
5993,45
5994,149
5995,30
5996,15
5997,10
5998,42
5999,21
6000,19
6001,91
6002,39
6003,37
6004,43
6005,32
6006,79
6007,130
6008,80
6009,51
6010,25
6011,46
6012,138
6013,257
6014,190
6015,252
6016,26
6017,104
6018,78
6019,138
6020,20
6021,81
6022,87
6023,79
6024,50
6025,81
6026,38
6027,65
6028,48
6029,96
6030,54
6031,33
6032,137
6033,72
6034,18
6035,76
6036,93
6037,3
6038,98
6039,18
6040,55
6041,13
6042,176
6043,12
6044,32
6045,13
6046,76
6047,17
6048,52
6049,37
6050,143
6051,71
6052,255
6053,71
6054,24
6055,71
6056,17
6057,25
6058,21
6059,17
6060,26
6061,97
6062,42
6063,85
6064,66
6065,24
6066,22
6067,104
6068,7
6069,68
6070,24
6071,160
6072,204
6073,202
6074,34
6075,66
6076,21
6077,152
6078,67
6079,15
6080,162
6081,122
6082,79
6083,22
6084,62
6085,119
6086,37
6087,2
6088,96
6089,66
6090,100
6091,233
6092,45
6093,97
6094,60
6095,83
6096,11
6097,85
6098,29
6099,271
6100,51
6101,53
6102,100
6103,48
6104,29
6105,14
6106,33
6107,82
6108,5
6109,122
6110,16
6111,29
6112,64
6113,192
6114,57
6115,141
6116,109
6117,74
6118,22
6119,25
6120,27
6121,349
6122,76
6123,20
6124,17
6125,142
6126,14
6127,11
6128,6
6129,131
6130,120
6131,273
6132,15
6133,23
6134,261
6135,12
6136,57
6137,86
6138,45
6139,101
6140,10
6141,52
6142,48
6143,125
6144,8
6145,293
6146,108
6147,87
6148,98
6149,92
6150,51
6151,49
6152,29
6153,23
6154,82
6155,160
6156,47
6157,40
6158,40
6159,27
6160,17
6161,72
6162,29
6163,97
6164,26
6165,7
6166,56
6167,3
6168,90
6169,1
6170,27
6171,203
6172,68
6173,45
6174,101
6175,49
6176,25
6177,32
6178,47
6179,31
6180,54
6181,123
6182,51
6183,1
6184,29
6185,88
6186,52
6187,110
6188,42
6189,16
6190,21
6191,10
6192,57
6193,51
6194,47
6195,68
6196,40
6197,50
6198,77
6199,16
6200,15
6201,127
6202,77
6203,32
6204,30
6205,47
6206,50
6207,69
6208,79
6209,129
6210,9
6211,5
6212,76
6213,446
6214,32
6215,99
6216,48
6217,86
6218,55
6219,89
6220,21
6221,55
6222,29
6223,17
6224,239
6225,15
6226,23
6227,58
6228,55
6229,35
6230,25
6231,51
6232,86
6233,213
6234,17
6235,5
6236,27
6237,49
6238,60
6239,48
6240,47
6241,36
6242,105
6243,71
6244,98
6245,89
6246,49
6247,41
6248,7
6249,56
6250,58
6251,34
6252,44
6253,309
6254,51
6255,36
6256,4
6257,15
6258,10
6259,60
6260,8
6261,11
6262,62
6263,12
6264,75
6265,170
6266,3
6267,29
6268,29
6269,101
6270,84
6271,122
6272,18
6273,36
6274,64
6275,6
6276,36
6277,26
6278,247
6279,69
6280,13
6281,30
6282,43
6283,156
6284,55
6285,13
6286,73
6287,59
6288,39
6289,52
6290,84
6291,11
6292,40
6293,40
6294,18
6295,87
6296,30
6297,177
6298,144
6299,68
6300,95
6301,43
6302,52
6303,119
6304,105
6305,61
6306,33
6307,32
6308,242
6309,115
6310,36
6311,42
6312,30
6313,115
6314,76
6315,9
6316,75
6317,22
6318,54
6319,38
6320,31
6321,129
6322,106
6323,18
6324,31
6325,103
6326,33
6327,108
6328,75
6329,31
6330,27
6331,28
6332,39
6333,76
6334,40
6335,73
6336,184
6337,11
6338,85
6339,39
6340,16
6341,52
6342,185
6343,107
6344,64
6345,88
6346,93
6347,23
6348,9
6349,7
6350,59
6351,23
6352,14
6353,68
6354,78
6355,57
6356,84
6357,57
6358,14
6359,84
6360,15
6361,16
6362,69
6363,53
6364,26
6365,222
6366,51
6367,86
6368,224
6369,128
6370,59
6371,199
6372,27
6373,3
6374,32
6375,73
6376,62
6377,58
6378,84
6379,180
6380,97
6381,31
6382,35
6383,73
6384,39
6385,7
6386,32
6387,60
6388,42
6389,55
6390,47
6391,18
6392,14
6393,66
6394,24
6395,27
6396,64
6397,12
6398,20
6399,40
6400,2
6401,39
6402,130
6403,27
6404,99
6405,25
6406,22
6407,54
6408,101
6409,60
6410,14
6411,13
6412,119
6413,78
6414,71
6415,127
6416,18
6417,9
6418,32
6419,82
6420,48
6421,19
6422,5
6423,116
6424,133
6425,37
6426,53
6427,107
6428,94
6429,115
6430,26
6431,17
6432,56
6433,78
6434,19
6435,67
6436,67
6437,102
6438,37
6439,26
6440,75
6441,96
6442,222
6443,66
6444,117
6445,12
6446,37
6447,35
6448,89
6449,19
6450,27
6451,24
6452,321
6453,63
6454,13
6455,6
6456,9
6457,255
6458,272
6459,270
6460,77
6461,135
6462,33
6463,107
6464,31
6465,58
6466,13
6467,18
6468,17
6469,28
6470,56
6471,98
6472,61
6473,22
6474,115
6475,192
6476,76
6477,80
6478,53
6479,37
6480,40
6481,18
6482,199
6483,35
6484,82
6485,74
6486,10
6487,39
6488,44
6489,29
6490,50
6491,15
6492,10
6493,57
6494,8
6495,259
6496,24
6497,25
6498,101
6499,46
6500,231
6501,58
6502,65
6503,54
6504,58
6505,30
6506,210
6507,64
6508,75
6509,94
6510,18
6511,173
6512,15
6513,23
6514,9
6515,25
6516,85
6517,10
6518,7
6519,16
6520,55
6521,3
6522,39
6523,96
6524,111
6525,22
6526,61
6527,9
6528,53
6529,97
6530,51
6531,74
6532,189
6533,20
6534,137
6535,68
6536,85
6537,123
6538,1
6539,100
6540,135
6541,13
6542,42
6543,58
6544,67
6545,17
6546,41
6547,63
6548,24
6549,28
6550,40
6551,22
6552,24
6553,43
6554,69
6555,230
6556,17
6557,19
6558,6
6559,30
6560,25
6561,284
6562,82
6563,351
6564,23
6565,28
6566,117
6567,68
6568,83
6569,69
6570,56
6571,81
6572,65
6573,95
6574,35
6575,226
6576,70
6577,99
6578,44
6579,183
6580,27
6581,58
6582,12
6583,262
6584,76
6585,25
6586,49
6587,218
6588,90
6589,71
6590,77
6591,34
6592,98
6593,73
6594,4
6595,87
6596,104
6597,30
6598,39
6599,28
6600,34
6601,57
6602,79
6603,32
6604,46
6605,111
6606,72
6607,40
6608,162
6609,55
6610,6
6611,39
6612,48
6613,61
6614,35
6615,166
6616,15
6617,55
6618,30
6619,87
6620,71
6621,130
6622,164
6623,79
6624,45
6625,223
6626,28
6627,78
6628,53
6629,19
6630,13
6631,70
6632,73
6633,10
6634,16
6635,35
6636,136
6637,17
6638,11
6639,64
6640,54
6641,91
6642,13
6643,78
6644,44
6645,39
6646,6
6647,48
6648,45
6649,161
6650,277
6651,19
6652,194
6653,152
6654,12
6655,60
6656,54
6657,191
6658,26
6659,3
6660,15
6661,181
6662,67
6663,36
6664,289
6665,80
6666,21
6667,71
6668,34
6669,155
6670,96
6671,39
6672,85
6673,17
6674,47
6675,33
6676,51
6677,6
6678,40
6679,63
6680,39
6681,51
6682,121
6683,75
6684,4
6685,20
6686,143
6687,88
6688,109
6689,35
6690,88
6691,63
6692,42
6693,40
6694,81
6695,54
6696,113
6697,75
6698,162
6699,83
6700,18
6701,54
6702,32
6703,33
6704,50
6705,378
6706,46
6707,174
6708,22
6709,63
6710,13
6711,94
6712,5
6713,68
6714,62
6715,42
6716,42
6717,22
6718,13
6719,43
6720,29
6721,4
6722,32
6723,71
6724,14
6725,20
6726,245
6727,43
6728,119
6729,56
6730,161
6731,47
6732,61
6733,249
6734,61
6735,5
6736,15
6737,39
6738,110
6739,92
6740,15
6741,103
6742,209
6743,269
6744,100
6745,192
6746,61
6747,19
6748,19
6749,15
6750,57
6751,27
6752,81
6753,65
6754,41
6755,9
6756,7
6757,111
6758,90
6759,80
6760,133
6761,40
6762,314
6763,329
6764,355
6765,257
6766,266
6767,111
6768,16
6769,15
6770,81
6771,92
6772,11
6773,14
6774,92
6775,11
6776,32
6777,32
6778,54
6779,20
6780,145
6781,15
6782,33
6783,18
6784,19
6785,3
6786,240
6787,37
6788,91
6789,18
6790,261
6791,98
6792,13
6793,27
6794,77
6795,42
6796,50
6797,22
6798,30
6799,190
6800,74
6801,45
6802,64
6803,60
6804,87
6805,27
6806,59
6807,43
6808,17
6809,16
6810,57
6811,32
6812,28
6813,87
6814,31
6815,168
6816,75
6817,40
6818,135
6819,222
6820,176
6821,79
6822,10
6823,77
6824,50
6825,251
6826,26
6827,497
6828,83
6829,10
6830,15
6831,66
6832,152
6833,52
